,Sum log-adjP-values,adjP-values,Category
4732456N10Rik,-0.1239675050460701,[0.7516791343484045],['Brain_microglial cell']
Mir130a,-0.12234408543269569,"[0.8139306446679861, 0.9269760520088478]","['Brain_microglial cell', 'Brain_oligodendrocyte']"
Pcdha4,-0.11933101847799547,"[0.9879672664576451, 0.7690001523359347]","['Brain_endothelial cell', 'Brain_oligodendrocyte']"
Mbd3l2,-0.11866012757111664,[0.7609215299104642],['Brain_microglial cell']
Cngb3,-0.11866012757111664,[0.7609215299104642],['Brain_microglial cell']
6430548G04,-0.11866012757111664,[0.7609215299104642],['Brain_microglial cell']
2310015D24Rik,-0.11827471201543044,"[0.9357027113402226, 0.8139306446679861]","['Brain_endothelial cell', 'Brain_microglial cell']"
4930518P08Rik,-0.11633230621318084,[0.7650110245216042],['Brain_microglial cell']
Gm13490,-0.11633230621318084,[0.7650110245216042],['Brain_microglial cell']
Olfr329-ps,-0.11633230621318084,[0.7650110245216042],['Brain_microglial cell']
Olfr749,-0.11633230621318084,[0.7650110245216042],['Brain_microglial cell']
Olfr1029,-0.11507217116905726,[0.7672339796266197],['Brain_microglial cell']
Tbx19,-0.11055626543152204,"[0.9821152753510366, 0.7893711844338319]","['Brain_microglial cell', 'Brain_oligodendrocyte']"
Scrt2,-0.10980945339297438,"[0.8999977096623473, 0.8628774954266224]","['Brain_endothelial cell', 'Brain_microglial cell']"
1700100L14Rik,-0.10829208685553582,"[0.8518520922280046, 0.9148369951184735]","['Brain_endothelial cell', 'Brain_microglial cell']"
Tcstv1,-0.10816110228385785,"[0.9875466703429312, 0.7893711844338319]","['Brain_microglial cell', 'Brain_oligodendrocyte']"
Mir505,-0.10816110228385785,"[0.9875466703429312, 0.7893711844338319]","['Brain_microglial cell', 'Brain_oligodendrocyte']"
Psg16,-0.10744697034964526,[0.7808237770250128],['Liver_Kupffer cell']
Olfr390,-0.10271873133522526,[0.7893711844338319],['Brain_oligodendrocyte']
4930524C18Rik,-0.10248786633128976,[0.7897909149057641],['Brain_microglial cell']
Nat3,-0.10248786633128976,[0.7897909149057641],['Brain_microglial cell']
4930448F12Rik,-0.10248786633128976,[0.7897909149057641],['Brain_microglial cell']
Gm4871,-0.10248786633128976,[0.7897909149057641],['Brain_microglial cell']
CK137956,-0.10212694925186236,"[0.8132179029457851, 0.9719996749865891]","['Brain_endothelial cell', 'Brain_microglial cell']"
Olfr535,-0.09922727283905293,[0.7957428172446006],['Brain_microglial cell']
Nlrp9c,-0.0963427583614073,"[0.8518520922280046, 0.9403576180579059]","['Brain_endothelial cell', 'Brain_microglial cell']"
Speer7-ps1,-0.09472484921611632,"[0.8139306446679861, 0.9878425996499631]","['Brain_microglial cell', 'Brain_oligodendrocyte']"
Lce1b,-0.09004577243035246,[0.8127448524746267],['Bladder_bladder urothelial cell']
Gm10556,-0.08941259992805073,[0.8139306446679861],['Brain_microglial cell']
4930523O13Rik,-0.08941259992805073,[0.8139306446679861],['Brain_microglial cell']
Ankrd33,-0.08454185408388133,[0.8231105078076958],['Bladder_bladder urothelial cell']
Gfral,-0.08384708204863403,"[0.9357027113402226, 0.8810793648249614]","['Brain_endothelial cell', 'Brain_microglial cell']"
E030044B06Rik,-0.0832386562490575,[0.8255841446816736],['Bladder_bladder urothelial cell']
Ghrh,-0.08219791481677349,[0.8275649434231543],['Bladder_bladder urothelial cell']
AI646519,-0.081251690067969,"[0.8966334791580307, 0.9249821652186098]","['Heart_fibroblast of cardiac tissue', 'Heart_leukocyte']"
LOC626082,-0.0763021571573037,[0.8388761416006293],['Brain_oligodendrocyte']
G630008E18,-0.07619470311579556,[0.8390837237546909],['Bladder_bladder cell']
Trim34b,-0.07596824068305874,"[0.9348801895468726, 0.897998895072945]","['Brain_endothelial cell', 'Brain_microglial cell']"
Pga5,-0.06676870729737155,"[0.9185866130197264, 0.9334932474007328]","['Bone-Marrow_hematopoietic precursor cell', 'Bone-Marrow_megakaryocyte-erythroid progenitor cell']"
Kcne2,-0.0655166184148481,[0.8599701592308187],['Bladder_bladder urothelial cell']
Sprr2j-ps,-0.0655166184148481,[0.8599701592308187],['Bladder_bladder urothelial cell']
Vmn2r3,-0.06405085762977711,[0.8628774954266224],['Brain_microglial cell']
Zfp957,-0.06405085762977711,[0.8628774954266224],['Brain_microglial cell']
Mixl1,-0.06405085762977711,[0.8628774954266224],['Brain_microglial cell']
Hsd17b3,-0.06405085762977711,[0.8628774954266224],['Brain_microglial cell']
Olfr1472,-0.06405085762977711,[0.8628774954266224],['Brain_microglial cell']
Vmn2r116,-0.06405085762977711,[0.8628774954266224],['Brain_microglial cell']
Vmn2r74,-0.06373271516984727,[0.8635098279891901],['Brain_microglial cell']
Gm5409,-0.0625571166719426,"[0.9064804035584043, 0.9551783351170139]","['Bone-Marrow_granulocyte', 'Bone-Marrow_granulocytopoietic cell']"
Gm6416,-0.06234346764736243,"[0.9249821652186098, 0.9365331904739987]","['Bone-Marrow_hematopoietic precursor cell', 'Bone-Marrow_promonocyte']"
Gm10413,-0.06193575581100209,[0.8670901329309616],['Heart_endothelial cell of coronary artery']
Aadacl3,-0.061289638250074836,[0.8683810982538618],['Brain_microglial cell']
Hoxd12,-0.061289638250074836,[0.8683810982538618],['Brain_microglial cell']
Sycp1,-0.05556906485689665,"[0.9357027113402226, 0.9403576180579059]","['Brain_endothelial cell', 'Brain_microglial cell']"
Olfr345,-0.05556906485689665,"[0.9357027113402226, 0.9403576180579059]","['Brain_endothelial cell', 'Brain_microglial cell']"
4921524L21Rik,-0.054984969961254314,[0.8810793648249614],['Brain_microglial cell']
Olfr1502,-0.054984969961254314,[0.8810793648249614],['Brain_microglial cell']
Crxos1,-0.054984969961254314,[0.8810793648249614],['Brain_microglial cell']
AA545190,-0.054984969961254314,[0.8810793648249614],['Brain_microglial cell']
4931406B18Rik,-0.054984969961254314,[0.8810793648249614],['Brain_microglial cell']
Slc6a5,-0.054984969961254314,[0.8810793648249614],['Brain_microglial cell']
4933427E13Rik,-0.054984969961254314,[0.8810793648249614],['Brain_microglial cell']
Olfr684,-0.05192330468661176,"[0.9357027113402226, 0.9482848394469093]","['Brain_endothelial cell', 'Brain_microglial cell']"
Gm4224,-0.05192330468661176,"[0.9357027113402226, 0.9482848394469093]","['Brain_endothelial cell', 'Brain_microglial cell']"
4732490B19Rik,-0.04408202611081992,[0.9034788156653065],['Bladder_bladder urothelial cell']
Klk4,-0.039122184084594114,[0.9138561017082961],['Limb-Muscle_mesenchymal stem cell']
1700090G07Rik,-0.03865628126364546,[0.9148369951184735],['Brain_microglial cell']
4930548H24Rik,-0.03654125861009966,"[0.9569891208953, 0.9606202572655582]","['Limb-Muscle_endothelial cell', 'Limb-Muscle_mesenchymal stem cell']"
Lce1c,-0.03595113952080403,[0.9205531331360755],['Bladder_bladder urothelial cell']
Mmp20,-0.033124167344227094,[0.926564875163859],['Brain_microglial cell']
E330012B07Rik,-0.026706952769516935,[0.9403576180579059],['Brain_microglial cell']
4930430A15Rik,-0.026706952769516935,[0.9403576180579059],['Brain_microglial cell']
Vmn2r10,-0.026706952769516935,[0.9403576180579059],['Brain_microglial cell']
Olfr695,-0.026706952769516935,[0.9403576180579059],['Brain_microglial cell']
LOC380994,-0.026706952769516935,[0.9403576180579059],['Brain_microglial cell']
Olfr1306,-0.026706952769516935,[0.9403576180579059],['Brain_microglial cell']
Vmn2r73,-0.026706952769516935,[0.9403576180579059],['Brain_microglial cell']
Bpifb9a,-0.026706952769516935,[0.9403576180579059],['Brain_microglial cell']
Sohlh1,-0.026706952769516935,[0.9403576180579059],['Brain_microglial cell']
Vax2os2,-0.02430606721663593,"[0.988068222482002, 0.9569891208953]","['Limb-Muscle_macrophage', 'Limb-Muscle_mesenchymal stem cell']"
Olfr120,-0.023061192599232037,[0.9482848394469093],['Brain_microglial cell']
Smok2b,-0.023061192599232037,[0.9482848394469093],['Brain_microglial cell']
Trpc7,-0.023061192599232037,[0.9482848394469093],['Brain_microglial cell']
1700111N16Rik,-0.023061192599232037,[0.9482848394469093],['Brain_microglial cell']
Gm10280,-0.023061192599232037,[0.9482848394469093],['Brain_microglial cell']
Serpinb3b,-0.023061192599232037,[0.9482848394469093],['Brain_microglial cell']
Vmn2r51,-0.023061192599232037,[0.9482848394469093],['Brain_microglial cell']
Vmn1r77,-0.023061192599232037,[0.9482848394469093],['Brain_microglial cell']
Gm12253,-0.023061192599232037,[0.9482848394469093],['Brain_microglial cell']
4933428C19Rik,-0.023061192599232037,[0.9482848394469093],['Brain_microglial cell']
Ptchd3,-0.023061192599232037,[0.9482848394469093],['Brain_microglial cell']
Vmn2r19,-0.023061192599232037,[0.9482848394469093],['Brain_microglial cell']
Olfr473,-0.023061192599232037,[0.9482848394469093],['Brain_microglial cell']
Rnf222,-0.017749505732776612,[0.9599541584180137],['Heart_endothelial cell of coronary artery']
D930032P07Rik,-0.017137389405674535,[0.9613081196855284],['Brain_microglial cell']
Synb,-0.01570749745280215,[0.9644783926963808],['Bone-Marrow_proerythroblast']
Avpr1b,-0.013730943559187142,[0.9688779147953872],['Brain_microglial cell']
4932414J04Rik,-0.005442370948632591,[0.9875466703429312],['Brain_microglial cell']
Olfr555,-0.0009996295893031355,[0.9977009147634446],['Brain_microglial cell']
Olfr1424,-0.0009996295893031355,[0.9977009147634446],['Brain_microglial cell']
